<?xml version="1.0" encoding="UTF-8" ?>
<!-- <!DOCTYPE supplementalData SYSTEM "../../common/dtd/ldmlSupplemental.dtd"> -->
<supplementalData>
    <version number="$Revision: 7704 $"/>
    <generation date="$Date: 2010-11-20 23:12:59 +1030 (Sat, 20 Nov 2010) $"/>
    <plurals>
        <!-- if locale is known to have no plurals, there are no rules -->
        <pluralRules locales="az bm fa ig hu ja kde kea ko my ses sg to tr vi wo yo zh bo dz id jv ka km kn ms th"/> 
        <!-- 2nd line from Tamplin's data -->
        <pluralRules locales="ar">
            <pluralRule count="zero">n is 0</pluralRule>
            <pluralRule count="one">n is 1</pluralRule>
            <pluralRule count="two">n is 2</pluralRule>
            <pluralRule count="few">n mod 100 in 3..10</pluralRule>
            <pluralRule count="many">n mod 100 in 11..99</pluralRule>
        </pluralRules>
        <pluralRules locales="bem brx da de el en eo es et fi fo gl he iw it nb nl nn no pt_PT sv af bg bn ca eu fur fy gu ha is ku lb ml mr nah ne om or pa pap ps so sq sw ta te tk ur zu mn gsw chr rm pt"> <!-- 2nd two lines from Tamplin's data, deleting az fa -->
            <pluralRule count="one">n is 1</pluralRule>
        </pluralRules>
        <pluralRules locales="ak am bh fil tl guw hi ln mg nso ti wa"> <!-- last line from Tamplin's data -->
            <pluralRule count="one">n in 0..1</pluralRule>
        </pluralRules>
        <pluralRules locales="ff fr kab">
            <pluralRule count="one">n within 0..2 and n is not 2</pluralRule>
        </pluralRules>
        <pluralRules locales="lv">
            <pluralRule count="zero">n is 0</pluralRule>
            <pluralRule count="one">n mod 10 is 1 and n mod 100 is not 11</pluralRule>
        </pluralRules>
        <pluralRules locales="ga se sma smi smj smn sms">
            <pluralRule count="one">n is 1</pluralRule>
            <pluralRule count="two">n is 2</pluralRule>
        </pluralRules>
        <pluralRules locales="ro mo">
            <pluralRule count="one">n is 1</pluralRule>
            <pluralRule count="few">n is 0 OR n is not 1 AND n mod 100 in 1..19</pluralRule>
        </pluralRules>
        <pluralRules locales="lt">
            <pluralRule count="one">n mod 10 is 1 and n mod 100 not in 11..19</pluralRule>
            <pluralRule count="few">n mod 10 in 2..9 and n mod 100 not in 11..19</pluralRule>
        </pluralRules>
        <pluralRules locales="hr ru sr uk be bs sh">
            <pluralRule count="one">n mod 10 is 1 and n mod 100 is not 11</pluralRule>
            <pluralRule count="few">n mod 10 in 2..4 and n mod 100 not in 12..14</pluralRule>
            <pluralRule count="many">n mod 10 is 0 or n mod 10 in 5..9 or n mod 100 in 11..14</pluralRule>
            <!-- others are fractions -->
        </pluralRules>
        <pluralRules locales="cs sk">
            <pluralRule count="one">n is 1</pluralRule>
            <pluralRule count="few">n in 2..4</pluralRule>
        </pluralRules>
        <pluralRules locales="pl">
            <pluralRule count="one">n is 1</pluralRule>
            <pluralRule count="few">n mod 10 in 2..4 and n mod 100 not in 12..14</pluralRule>
            <pluralRule count="many">n is not 1 and n mod 10 in 0..1 or n mod 10 in 5..9 or n mod 100 in 12..14</pluralRule>
            <!-- others are fractions -->
            <!-- and n mod 100 not in 22..24 from Tamplin -->
        </pluralRules>
        <pluralRules locales="sl">
            <pluralRule count="one">n mod 100 is 1</pluralRule>
            <pluralRule count="two">n mod 100 is 2</pluralRule>
            <pluralRule count="few">n mod 100 in 3..4</pluralRule>
        </pluralRules>
        <pluralRules locales="mt"> <!-- from Tamplin's data -->
            <pluralRule count="one">n is 1</pluralRule>
            <pluralRule count="few">n is 0 or n mod 100 in 2..10</pluralRule>
            <pluralRule count="many">n mod 100 in 11..19</pluralRule>
        </pluralRules>
        <pluralRules locales="mk"> <!-- from Tamplin's data -->
            <pluralRule count="one">n mod 10 is 1 and n is not 11</pluralRule>
        </pluralRules>
        <pluralRules locales="cy"> <!-- from http://www.saltcymru.org/wordpress/?p=99&lang=en -->
            <pluralRule count="zero">n is 0</pluralRule>
            <pluralRule count="one">n is 1</pluralRule>
            <pluralRule count="two">n is 2</pluralRule>
            <pluralRule count="few">n is 3</pluralRule>
            <pluralRule count="many">n is 6</pluralRule>
        </pluralRules>
        <pluralRules locales="lag">
            <pluralRule count="zero">n is 0</pluralRule>
            <pluralRule count="one">n within 0..2 and n is not 0 and n is not 2</pluralRule>
        </pluralRules>
        <pluralRules locales="shi">
            <pluralRule count="one">n within 0..1</pluralRule>
            <pluralRule count="few">n in 2..10</pluralRule>
        </pluralRules>
        <pluralRules locales="br"> <!-- from http://unicode.org/cldr/trac/ticket/2886 -->
            <pluralRule count="zero">n is 0</pluralRule>
            <pluralRule count="one">n is 1</pluralRule>
            <pluralRule count="two">n is 2</pluralRule>
            <pluralRule count="few">n is 3</pluralRule>
            <pluralRule count="many">n is 6</pluralRule>
        </pluralRules>
    </plurals>
</supplementalData>
